{"Ab":{"cols":0,"rows":2,"trip_cols":[],"trip_rows":[],"trip_vals":[]},"Ac":{"cols":14,"rows":2,"trip_cols":[1,1,4,6,6,9,11,12,13],"trip_rows":[0,1,0,0,1,0,0,0,1],"trip_vals":[-0.2,0.2,0.15000000000000002,-0.1,0.1,0.1,0.07500000000000001,0.30000000000000004,0.2625]},"Gb":{"cols":0,"rows":12,"trip_cols":[],"trip_rows":[],"trip_vals":[]},"Gc":{"cols":14,"rows":12,"trip_cols":[0,1,2,3,4,5,6,7,8,9,10,11],"trip_rows":[0,1,2,3,4,5,6,7,8,9,10,11],"trip_vals":[0.3,0.2,3.7699111843077517,0.3,0.15000000000000002,2.0,2.0,10.0,2.0,2.0,30.0,30.0]},"b":[-0.32500000000000007,-0.037500000000000006],"c":[0.0,0.0,0.0,0.0,0.0,0.0,0.0,0.0,0.0,0.0,0.0,0.0],"class":"ConZono","n":12,"zero_one_form":false}