{"class": "ConZono", "n": 12, "Gc": {"row": [0, 1, 2, 3, 4, 5, 6, 7, 8, 9, 10, 11], "col": [0, 1, 2, 3, 4, 5, 6, 7, 8, 9, 10, 11], "data": [0.6, 0.4, 7.5398223686155035, 0.6, 0.30000000000000004, 4.0, 4.0, 20.0, 4.0, 4.0, 60.0, 60.0], "shape": [12, 18]}, "Gb": {"row": [], "col": [], "data": [], "shape": [12, 0]}, "c": [-0.3, -0.2, -3.7699111843077517, -0.3, -0.15000000000000002, -2.0, -2.0, -10.0, -2.0, -2.0, -30.0, -30.0], "Ac": {"row": [2, 3, 0, 1, 4, 5, 2, 3, 0, 4, 5, 2, 3, 4, 5, 0, 1, 4, 5, 2, 3, 4, 5, 2, 3, 4, 5, 0, 4, 5, 2, 3, 4, 5, 0, 4, 5, 0, 1, 2, 3, 4, 5], "col": [0, 0, 1, 1, 1, 1, 3, 3, 4, 4, 4, 5, 5, 5, 5, 6, 6, 6, 6, 7, 7, 7, 7, 8, 8, 8, 8, 9, 9, 9, 10, 10, 10, 10, 11, 11, 11, 12, 13, 14, 15, 16, 17], "data": [0.6, -0.6, 0.4, 0.4, 32.0, 32.0, -0.6, 0.6, -0.30000000000000004, -24.000000000000004, -24.000000000000004, 0.14285714285714285, -0.14285714285714285, -22.857142857142858, 22.857142857142858, 0.2, 0.2, 16.0, 16.0, -0.028571428571428574, 0.028571428571428574, -11.428571428571427, 11.428571428571427, -0.14285714285714285, 0.14285714285714285, 22.857142857142858, -22.857142857142858, -0.2, -16.0, -16.0, -0.10714285714285716, 0.10714285714285716, 17.142857142857142, -17.142857142857142, -0.15000000000000002, -12.0, -12.0, 0.65, 0.525, 1.1107142857142858, 1.1107142857142855, 89.14285714285714, 89.14285714285714], "shape": [6, 18]}, "Ab": {"row": [], "col": [], "data": [], "shape": [0, 0]}, "b": [-2.42861286636753e-17, 0.525, 0.2321428571428571, 0.3678571428571429, 2.8571428571428554, -2.857142857142856], "zero_one_form": true}