{"class": "ConZono", "n": 12, "Gc": {"row": [0, 1, 2, 3, 4, 5, 6, 7, 8, 9, 10, 11], "col": [0, 1, 2, 3, 4, 5, 6, 7, 8, 9, 10, 11], "data": [0.6, 0.4, 7.5398223686155035, 0.6, 0.30000000000000004, 4.0, 4.0, 20.0, 4.0, 4.0, 60.0, 60.0], "shape": [12, 17]}, "Gb": {"row": [], "col": [], "data": [], "shape": [12, 0]}, "c": [-0.3, -0.2, -3.7699111843077517, -0.3, -0.15000000000000002, -2.0, -2.0, -10.0, -2.0, -2.0, -30.0, -30.0], "Ac": {"row": [2, 3, 0, 1, 2, 3, 4, 2, 3, 0, 2, 3, 4, 2, 3, 4, 0, 1, 2, 3, 4, 4, 2, 3, 4, 0, 2, 3, 4, 2, 3, 4, 0, 2, 3, 4, 0, 1, 2, 3, 4], "col": [0, 0, 1, 1, 1, 1, 1, 3, 3, 4, 4, 4, 4, 5, 5, 5, 6, 6, 6, 6, 6, 7, 8, 8, 8, 9, 9, 9, 9, 10, 10, 10, 11, 11, 11, 11, 12, 13, 14, 15, 16], "data": [0.6, -0.6, 0.4, 0.4, -0.08000000000000002, 0.08000000000000002, -5.6000000000000005, -0.6, 0.6, -0.30000000000000004, 0.06000000000000002, -0.06000000000000002, 4.200000000000001, 0.2, -0.2, 4.0, 0.2, 0.2, -0.04000000000000001, 0.04000000000000001, -2.8, 2.0, -0.2, 0.2, -4.0, -0.2, 0.04000000000000001, -0.04000000000000001, 2.8, -0.15000000000000002, 0.15000000000000002, -3.0, -0.15000000000000002, 0.030000000000000006, -0.030000000000000006, 2.0999999999999996, 0.65, 0.525, 1.295, 1.3050000000000002, 14.900000000000002], "shape": [5, 17]}, "Ab": {"row": [], "col": [], "data": [], "shape": [0, 0]}, "b": [-2.42861286636753e-17, 0.525, 0.22499999999999995, 0.375, -0.5], "zero_one_form": true}