{"class": "ConZono", "n": 12, "Gc": {"row": [0, 1, 2, 3, 4, 5, 6, 7, 8, 9, 10, 11], "col": [0, 1, 2, 3, 4, 5, 6, 7, 8, 9, 10, 11], "data": [0.6, 0.4, 7.5398223686155035, 0.6, 0.30000000000000004, 4.0, 4.0, 20.0, 4.0, 4.0, 60.0, 60.0], "shape": [12, 18]}, "Gb": {"row": [], "col": [], "data": [], "shape": [12, 0]}, "c": [-0.3, -0.2, -3.7699111843077517, -0.3, -0.15000000000000002, -2.0, -2.0, -10.0, -2.0, -2.0, -30.0, -30.0], "Ac": {"row": [2, 3, 0, 1, 4, 5, 0, 2, 3, 4, 5, 0, 1, 4, 5, 2, 3, 4, 5, 0, 0, 0, 1, 2, 3, 4, 5], "col": [0, 0, 1, 1, 1, 1, 4, 5, 5, 5, 5, 6, 6, 6, 6, 7, 7, 7, 7, 9, 11, 12, 13, 14, 15, 16, 17], "data": [0.6, -0.6, -0.4, -0.4, -32.0, -32.0, 0.30000000000000004, 0.14285714285714285, -0.14285714285714285, 22.857142857142858, -22.857142857142858, -0.2, -0.2, -16.0, -16.0, 0.028571428571428574, -0.028571428571428574, -11.428571428571427, 11.428571428571427, 0.2, 0.15000000000000002, 0.6000000000000001, 0.07500000000000001, 0.6857142857142856, 0.6857142857142856, 23.14285714285714, 23.142857142857146], "shape": [6, 18]}, "Ab": {"row": [], "col": [], "data": [], "shape": [0, 0]}, "b": [2.42861286636753e-17, -0.525, 0.6857142857142857, -0.08571428571428574, -36.285714285714285, -47.714285714285715], "zero_one_form": true}