{"Ab":{"cols":0,"rows":6,"trip_cols":[],"trip_rows":[],"trip_vals":[]},"Ac":{"cols":18,"rows":6,"trip_cols":[0,0,1,1,1,1,4,5,5,5,5,6,6,6,6,7,7,7,7,9,11,12,13,14,15,16,17],"trip_rows":[2,3,0,1,4,5,0,2,3,4,5,0,1,4,5,2,3,4,5,0,0,0,1,2,3,4,5],"trip_vals":[0.3,-0.3,-0.2,-0.2,-16.0,-16.0,0.15000000000000002,0.07142857142857142,-0.07142857142857142,11.428571428571429,-11.428571428571429,-0.1,-0.1,-8.0,-8.0,0.014285714285714287,-0.014285714285714287,-5.7142857142857135,5.7142857142857135,0.1,0.07500000000000001,0.30000000000000004,0.037500000000000006,0.3428571428571428,0.3428571428571428,11.571428571428573,11.571428571428573]},"Gb":{"cols":0,"rows":12,"trip_cols":[],"trip_rows":[],"trip_vals":[]},"Gc":{"cols":18,"rows":12,"trip_cols":[0,1,2,3,4,5,6,7,8,9,10,11],"trip_rows":[0,1,2,3,4,5,6,7,8,9,10,11],"trip_vals":[0.3,0.2,3.7699111843077517,0.3,0.15000000000000002,2.0,2.0,10.0,2.0,2.0,30.0,30.0]},"b":[-0.32500000000000007,-0.2625,-0.042857142857142816,-0.042857142857142816,-29.571428571428573,-29.571428571428573],"c":[0.0,0.0,0.0,0.0,0.0,0.0,0.0,0.0,0.0,0.0,0.0,0.0],"class":"ConZono","n":12,"zero_one_form":false}