{"class": "ConZono", "n": 12, "Gc": {"row": [0, 1, 2, 3, 4, 5, 6, 7, 8, 9, 10, 11], "col": [0, 1, 2, 3, 4, 5, 6, 7, 8, 9, 10, 11], "data": [0.6, 0.4, 7.5398223686155035, 0.6, 0.30000000000000004, 4.0, 4.0, 20.0, 4.0, 4.0, 60.0, 60.0], "shape": [12, 17]}, "Gb": {"row": [], "col": [], "data": [], "shape": [12, 0]}, "c": [-0.3, -0.2, -3.7699111843077517, -0.3, -0.15000000000000002, -2.0, -2.0, -10.0, -2.0, -2.0, -30.0, -30.0], "Ac": {"row": [2, 3, 0, 1, 2, 3, 4, 0, 2, 3, 4, 0, 1, 2, 3, 4, 4, 0, 0, 0, 1, 2, 3, 4], "col": [0, 0, 1, 1, 1, 1, 1, 4, 5, 5, 5, 6, 6, 6, 6, 6, 7, 9, 11, 12, 13, 14, 15, 16], "data": [0.6, -0.6, -0.4, -0.4, -0.08000000000000002, 0.08000000000000002, -5.6000000000000005, 0.30000000000000004, 0.2, -0.2, 4.0, -0.2, -0.2, -0.04000000000000001, 0.04000000000000001, -2.8, -2.0, 0.2, 0.15000000000000002, 0.6000000000000001, 0.07500000000000001, 0.715, 0.805, 4.050000000000001], "shape": [5, 17]}, "Ab": {"row": [], "col": [], "data": [], "shape": [0, 0]}, "b": [2.42861286636753e-17, -0.525, 0.595, 0.0050000000000000044, -6.35], "zero_one_form": true}