{"Ab":{"cols":0,"rows":5,"trip_cols":[],"trip_rows":[],"trip_vals":[]},"Ac":{"cols":17,"rows":5,"trip_cols":[0,0,1,1,1,1,1,4,5,5,5,6,6,6,6,6,7,9,11,12,13,14,15,16],"trip_rows":[2,3,0,1,2,3,4,0,2,3,4,0,1,2,3,4,4,0,0,0,1,2,3,4],"trip_vals":[0.3,-0.3,-0.2,-0.2,-0.04000000000000001,0.04000000000000001,-2.8000000000000003,0.15000000000000002,0.1,-0.1,2.0,-0.1,-0.1,-0.020000000000000004,0.020000000000000004,-1.4,-1.0,0.1,0.07500000000000001,0.30000000000000004,0.037500000000000006,0.3575,0.4025,2.0250000000000004]},"Gb":{"cols":0,"rows":12,"trip_cols":[],"trip_rows":[],"trip_vals":[]},"Gc":{"cols":17,"rows":12,"trip_cols":[0,1,2,3,4,5,6,7,8,9,10,11],"trip_rows":[0,1,2,3,4,5,6,7,8,9,10,11],"trip_vals":[0.3,0.2,3.7699111843077517,0.3,0.15000000000000002,2.0,2.0,10.0,2.0,2.0,30.0,30.0]},"b":[-0.32500000000000007,-0.2625,-0.10249999999999998,-0.05750000000000005,-5.175000000000001],"c":[0.0,0.0,0.0,0.0,0.0,0.0,0.0,0.0,0.0,0.0,0.0,0.0],"class":"ConZono","n":12,"zero_one_form":false}