{"class": "Zono", "n": 10, "Gc": {"row": [0, 1, 2, 3, 4, 5, 6, 7, 8, 9], "col": [0, 1, 2, 3, 4, 5, 6, 7, 8, 9], "data": [0.3, 0.2, 3.7699111843077517, 0.3, 0.15000000000000002, 2.0, 2.0, 10.0, 2.0, 2.0], "shape": [10, 10]}, "Gb": {"row": [], "col": [], "data": [], "shape": [10, 0]}, "c": [0.0, 0.0, 0.0, 0.0, 0.0, 0.0, 0.0, 0.0, 0.0, 0.0], "Ac": {"row": [], "col": [], "data": [], "shape": [0, 10]}, "Ab": {"row": [], "col": [], "data": [], "shape": [0, 0]}, "b": [], "zero_one_form": false}