{"A": {"row": [0, 0, 1, 1, 2, 2, 3, 3, 4, 4, 5, 6, 7, 8, 9], "col": [0, 5, 1, 6, 2, 7, 3, 8, 4, 9, 5, 6, 7, 8, 9], "data": [1.0, 0.05, 1.0, 0.05, 1.0, 0.05, 1.0, 0.05, 1.0, 0.05, 1.0, 1.0, 1.0, 1.0, 1.0], "shape": [10, 10]}, "B": {"row": [3, 4, 8, 9], "col": [0, 1, 0, 1], "data": [0.0025000000000000005, 0.0025000000000000005, 0.05, 0.05], "shape": [10, 2]}, "c": [0.0, -0.025, 0.0, 0.0, 0.0, 0.0, -0.5, 0.0, 0.0, 0.0]}