{"A": {"row": [0, 0, 0, 0, 1, 1, 1, 1, 2, 2, 2, 2, 3, 3, 4, 4, 5, 5, 5, 6, 6, 6, 7, 7, 7, 8, 9], "col": [0, 5, 7, 8, 1, 4, 6, 9, 2, 5, 7, 8, 3, 8, 4, 9, 5, 7, 8, 1, 4, 9, 5, 7, 8, 8, 9], "data": [1.0, 0.03571428571428571, -0.0014285714285714288, 0.014285714285714289, -2.220446049250313e-16, 1.0000000000000002, -6.938893903907228e-18, 0.05000000000000001, 1.0, -0.35714285714285715, 0.01428571428571429, 0.35714285714285715, 1.0, 0.05, 1.0, 0.05, 0.7142857142857142, -0.02857142857142857, 0.28571428571428575, -20.0, 20.0, 1.0, -7.142857142857143, 0.2857142857142858, 7.142857142857143, 1.0, 1.0], "shape": [10, 10]}, "B": {"row": [0, 1, 2, 3, 4, 5, 6, 7, 8, 9], "col": [0, 1, 0, 0, 1, 0, 1, 0, 0, 1], "data": [0.0007142857142857144, 0.0025000000000000005, 0.017857142857142856, 0.0025000000000000005, 0.0025000000000000005, 0.014285714285714285, 0.05, 0.3571428571428571, 0.05, 0.05], "shape": [10, 2]}, "c": [0.0, 3.469446951953614e-18, 0.0, 0.0, 0.0, 0.0, 0.0, 0.0, 0.0, 0.0]}