{"A": {"row": [0, 0, 0, 0, 0, 0, 1, 1, 1, 1, 2, 2, 2, 2, 2, 2, 3, 3, 4, 4, 5, 5, 5, 5, 5, 6, 6, 6, 7, 7, 7, 7, 7, 8, 9], "col": [0, 1, 4, 5, 6, 9, 1, 4, 6, 9, 1, 2, 4, 6, 7, 9, 3, 8, 4, 9, 1, 4, 5, 6, 9, 1, 4, 9, 1, 4, 6, 7, 9, 8, 9], "data": [1.0, 0.20000000000000004, -0.20000000000000004, 0.05, 0.010000000000000002, -0.010000000000000002, -2.220446049250313e-16, 1.0000000000000002, -6.938893903907228e-18, 0.05000000000000001, 5.0, 1.0, -5.0, 0.25, 0.05, -0.25, 1.0, 0.05, 1.0, 0.05, 4.0, -4.0, 1.0, 0.2, -0.2, -20.0, 20.0, 1.0, 100.0, -100.0, 5.0, 1.0, -5.0, 1.0, 1.0], "shape": [10, 10]}, "B": {"row": [0, 1, 2, 3, 4, 5, 6, 7, 8, 9], "col": [1, 1, 1, 0, 1, 1, 1, 1, 0, 1], "data": [-0.0005000000000000001, 0.0025000000000000005, -0.0125, 0.0025000000000000005, 0.0025000000000000005, -0.010000000000000002, 0.05, -0.25, 0.05, 0.05], "shape": [10, 2]}, "c": [-0.005000000000000001, 3.469446951953614e-18, -0.125, 0.0, 0.0, -0.1, 0.0, -2.5, 0.0, 0.0]}