{"A": {"row": [0, 0, 0, 1, 1, 2, 2, 2, 3, 3, 4, 4, 5, 5, 6, 7, 7, 8, 9], "col": [0, 5, 7, 1, 6, 2, 5, 7, 3, 8, 4, 9, 5, 7, 1, 5, 7, 8, 9], "data": [1.0, 0.03571428571428571, 0.0014285714285714288, -2.220446049250313e-16, -6.938893903907228e-18, 1.0, 0.35714285714285715, 0.01428571428571429, 1.0, 0.05, 1.0, 0.05, 0.7142857142857142, 0.02857142857142857, -20.0, 7.142857142857143, 0.2857142857142858, 1.0, 1.0], "shape": [10, 10]}, "B": {"row": [3, 4, 8, 9], "col": [0, 1, 0, 1], "data": [0.0025000000000000005, 0.0025000000000000005, 0.05, 0.05], "shape": [10, 2]}, "c": [0.0, 0.20000000000000004, 0.0, 0.0, 0.0, 0.0, 4.0, 0.0, 0.0, 0.0]}