{"A": {"row": [0, 0, 0, 0, 1, 1, 2, 2, 2, 2, 3, 3, 4, 4, 5, 5, 5, 6, 7, 7, 7, 8, 9], "col": [0, 1, 5, 6, 1, 6, 1, 2, 6, 7, 3, 8, 4, 9, 1, 5, 6, 1, 1, 6, 7, 8, 9], "data": [1.0, 0.20000000000000004, 0.05, 0.010000000000000002, -2.220446049250313e-16, -6.938893903907228e-18, -5.0, 1.0, -0.25, 0.05, 1.0, 0.05, 1.0, 0.05, 4.0, 1.0, 0.2, -20.0, -100.0, -5.0, 1.0, 1.0, 1.0], "shape": [10, 10]}, "B": {"row": [3, 4, 8, 9], "col": [0, 1, 0, 1], "data": [0.0025000000000000005, 0.0025000000000000005, 0.05, 0.05], "shape": [10, 2]}, "c": [-0.04500000000000001, 0.20000000000000004, 1.125, 0.0, 0.0, -0.9, 4.0, 22.5, 0.0, 0.0]}