{"G": {"row": [0, 1, 2, 3, 4, 5, 6, 7, 8, 9, 10, 11], "col": [0, 1, 2, 3, 4, 5, 6, 7, 8, 9, 10, 11], "data": [0.6, 0.4, 7.5398223686155035, 0.6, 0.30000000000000004, 4.0, 4.0, 20.0, 4.0, 4.0, 60.0, 60.0], "shape": [12, 14]}, "c": [-0.3, -0.2, -3.7699111843077517, -0.3, -0.15000000000000002, -2.0, -2.0, -10.0, -2.0, -2.0, -30.0, -30.0], "A": {"row": [0, 1, 0, 0, 1, 0, 0, 0, 1], "col": [1, 1, 4, 6, 6, 9, 11, 12, 13], "data": [-0.4, 0.4, 0.30000000000000004, -0.2, 0.2, 0.2, 0.15000000000000002, 0.6000000000000001, 0.525], "shape": [2, 14]}, "b": [2.42861286636753e-17, 0.525], "zero_one_form": true}